1,1,123456789,author@example.com,,,,,,
2,2,123456790,author@example.com,,,,,,
3,3,123456791,author@example.com,,,,,,
4,4,123456792,author@example.com,,,,,,
5,5,123456793,author@example.com,,,,,,
6,6,123456794,author@example.com,,,,,,
7,7,123456795,author@example.com,,,,,,
8,8,123456796,author@example.com,,,,,,
9,9,123456797,author@example.com,,,,,,
10,10,123456798,author@example.com,,,,,,
11,11,123456799,author@example.com,,,,,,
12,12,123456800,author@example.com,,,,,,
13,13,123456801,author@example.com,,,,,,
14,14,123456802,author@example.com,,,,,,
15,15,123456803,author@example.com,,,,,,
16,16,123456804,author@example.com,,,,,,
17,17,123456805,author@example.com,,,,,,
18,18,123456806,author@example.com,,,,,,
19,19,123456807,author@example.com,,,,,,
20,20,123456808,author@example.com,,,,,,
21,21,123456809,author@example.com,,,,,,
22,22,123456810,author@example.com,,,,,,
23,23,123456811,author@example.com,,,,,,
24,24,123456812,author@example.com,,,,,,
25,25,123456813,author@example.com,,,,,,
26,26,123456814,author@example.com,,,,,,
27,27,123456815,author@example.com,,,,,,
28,28,123456816,author@example.com,,,,,,
29,29,123456817,author@example.com,,,,,,
30,30,123456818,author@example.com,,,,,,
31,31,123456819,author@example.com,,,,,,
32,32,123456820,author@example.com,,,,,,
33,33,123456821,author@example.com,,,,,,
34,34,123456822,author@example.com,,,,,,
35,35,123456823,author@example.com,,,,,,
36,36,123456824,author@example.com,,,,,,
37,37,123456825,author@example.com,,,,,,
38,38,123456826,author@example.com,,,,,,
39,39,123456827,author@example.com,,,,,,
40,40,123456828,author@example.com,,,,,,
41,41,123456829,author@example.com,,,,,,
42,42,123456830,author@example.com,,,,,,
43,43,123456831,author@example.com,,,,,,
44,44,123456832,author@example.com,,,,,,
45,45,123456833,author@example.com,,,,,,
46,46,123456834,author@example.com,,,,,,
47,47,123456835,author@example.com,,,,,,
48,48,123456836,author@example.com,,,,,,
49,49,123456837,author@example.com,,,,,,
50,50,123456838,author@example.com,,,,,,
51,51,123456839,author@example.com,,,,,,
52,52,123456840,author@example.com,,,,,,
53,53,123456841,author@example.com,,,,,,
54,54,123456842,author@example.com,,,,,,
55,55,123456843,author@example.com,,,,,,
56,56,123456844,author@example.com,,,,,,
57,57,123456845,author@example.com,,,,,,
58,58,123456846,author@example.com,,,,,,
59,59,123456847,author@example.com,,,,,,
60,60,123456848,author@example.com,,,,,,
61,61,123456849,author@example.com,,,,,,
62,62,123456850,author@example.com,,,,,,
63,63,123456851,author@example.com,,,,,,
64,64,123456852,author@example.com,,,,,,
65,65,123456853,author@example.com,,,,,,
66,66,123456854,author@example.com,,,,,,
67,67,123456855,author@example.com,,,,,,
68,68,123456856,author@example.com,,,,,,
69,69,123456857,author@example.com,,,,,,
70,70,123456858,author@example.com,,,,,,
71,71,123456859,author@example.com,,,,,,
72,72,123456860,author@example.com,,,,,,
73,73,123456861,author@example.com,,,,,,
74,74,123456862,author@example.com,,,,,,
75,75,123456863,author@example.com,,,,,,
76,76,123456864,author@example.com,,,,,,
77,77,123456865,author@example.com,,,,,,
78,78,123456866,author@example.com,,,,,,
79,79,123456867,author@example.com,,,,,,
80,80,123456868,author@example.com,,,,,,
81,81,123456869,author@example.com,,,,,,
82,82,123456870,author@example.com,,,,,,
83,83,123456871,author@example.com,,,,,,
84,84,123456872,author@example.com,,,,,,
85,85,123456873,author@example.com,,,,,,
86,86,123456874,author@example.com,,,,,,
87,87,123456875,author@example.com,,,,,,
88,88,123456876,author@example.com,,,,,,
89,89,123456877,author@example.com,,,,,,
90,90,123456878,author@example.com,,,,,,
91,91,123456879,author@example.com,,,,,,
92,92,123456880,author@example.com,,,,,,
93,93,123456881,author@example.com,,,,,,
94,94,123456882,author@example.com,,,,,,
95,95,123456883,author@example.com,,,,,,
96,96,123456884,author@example.com,,,,,,
97,97,123456885,author@example.com,,,,,,
98,98,123456886,author@example.com,,,,,,
99,99,123456887,author@example.com,,,,,,
100,100,123456888,author@example.com,,,,,,
101,101,123456889,author@example.com,,,,,,
102,102,123456890,author@example.com,,,,,,
103,103,123456891,author@example.com,,,,,,
104,104,123456892,author@example.com,,,,,,
105,105,123456893,author@example.com,,,,,,
106,106,123456894,author@example.com,,,,,,
107,107,123456895,author@example.com,,,,,,
108,108,123456896,author@example.com,,,,,,
109,109,123456897,author@example.com,,,,,,
110,110,123456898,author@example.com,,,,,,
111,111,123456899,author@example.com,,,,,,
112,112,123456900,author@example.com,,,,,,
113,113,123456901,author@example.com,,,,,,
114,114,123456902,author@example.com,,,,,,
115,115,123456903,author@example.com,,,,,,
116,116,123456904,author@example.com,,,,,,
117,117,123456905,author@example.com,,,,,,
118,118,123456906,author@example.com,,,,,,
119,119,123456907,author@example.com,,,,,,
120,120,123456908,author@example.com,,,,,,
121,121,123456909,customer@example.com,,,,,,
122,122,123456910,customer@example.com,,,,,,
123,123,123456911,customer@example.com,,,,,,
124,124,123456912,customer@example.com,,,,,,
125,125,123456913,customer@example.com,,,,,,
126,126,123456914,customer@example.com,,,,,,
127,127,123456915,customer@example.com,,,Wellbourne,,,
128,128,123456916,customer@example.com,,,Newfort,,,
129,129,123456917,customer@example.com,,,Fairfall,,,
130,130,123456918,customer@example.com,,,Easthedge,,,
131,131,123456919,customer@example.com,,,Wyvernhaven,,,
132,132,123456920,customer@example.com,,,Irondeer,,,
133,133,123456921,customer@example.com,,,Shoreburn,,,
134,134,123456922,customer@example.com,,,Winternesse,,,
135,135,123456923,customer@example.com,,,Rosemist,,,
136,136,123456924,customer@example.com,,,Ironshore,,,
137,137,123456925,customer@example.com,,,Foxhaven,,,
138,138,123456926,customer@example.com,,,Highhaven,,,
139,139,123456927,customer@example.com,,,Ashcliff,,,
140,140,123456928,customer@example.com,,,Starryville,,,
141,141,123456929,publisher@example.com,,,Wooddale,,,
142,142,123456930,publisher@example.com,,,Goldrose,,,
143,143,123456931,publisher@example.com,,,Southsilver,,,
144,144,123456932,publisher@example.com,,,,,,
145,145,123456933,publisher@example.com,,,,,,
146,146,123456934,publisher@example.com,,,,,,
147,147,123456935,publisher@example.com,,,,,,
148,148,123456936,publisher@example.com,,,,,,
149,149,123456937,publisher@example.com,,,,,,
150,150,123456938,publisher@example.com,,,,,,
151,151,123456939,publisher@example.com,,,,,,
152,152,123456940,publisher@example.com,,,,,,
153,153,123456941,publisher@example.com,,,,,,
154,154,123456942,publisher@example.com,,,,,,
155,155,123456943,publisher@example.com,,,,,,
156,156,123456944,publisher@example.com,,,,,,
157,157,123456945,publisher@example.com,,,Wellbourne,,,
158,158,123456946,publisher@example.com,,,Newfort,,,
159,159,123456947,publisher@example.com,,,Fairfall,,,
160,160,123456948,publisher@example.com,,,Easthedge,,,
161,161,123456949,publisher@example.com,,,Wyvernhaven,,,
162,162,123456950,publisher@example.com,,,Irondeer,,,
163,163,123456951,publisher@example.com,,,Shoreburn,,,
164,164,123456952,publisher@example.com,,,Winternesse,,,
165,165,123456953,publisher@example.com,,,Rosemist,,,
166,166,123456954,publisher@example.com,,,Ironshore,,,
167,167,123456955,publisher@example.com,,,Foxhaven,,,
168,168,123456956,publisher@example.com,,,Highhaven,,,
169,169,123456957,publisher@example.com,,,Ashcliff,,,
170,170,123456958,publisher@example.com,,,Starryville,,,
171,171,123456959,publisher@example.com,,,Wooddale,,,
172,172,123456960,publisher@example.com,,,Goldrose,,,
173,173,123456961,publisher@example.com,,,Southsilver,,,
174,174,123456962,publisher@example.com,,,,,,
175,175,123456963,publisher@example.com,,,,,,
176,176,123456964,publisher@example.com,,,,,,
177,177,123456965,publisher@example.com,,,Crystalmill,,,
178,178,123456966,publisher@example.com,,,Lorcliff,,,
179,179,123456967,publisher@example.com,,,Raycliff,,,
180,180,123456968,publisher@example.com,,,Freywall,,,
181,181,123456969,publisher@example.com,,,Vertpond,,,
182,182,123456970,publisher@example.com,,,Strongland,,,
183,183,123456971,publisher@example.com,,,Lochport,,,
184,184,123456972,publisher@example.com,,,Icefay,,,
185,185,123456973,publisher@example.com,,,Southshore,,,
186,186,123456974,publisher@example.com,,,Moormead,,,
187,187,123456975,publisher@example.com,,,Highpond,,,
188,188,123456976,publisher@example.com,,,Shadehollow,,,
189,189,123456977,publisher@example.com,,,Whitesilver,,,
190,190,123456978,publisher@example.com,,,Violetwick,,,
191,191,123456979,publisher@example.com,,,Merriwynne,,,
192,192,123456980,publisher@example.com,,,Draclyn,,,
193,193,123456981,publisher@example.com,,,Byness,,,
194,194,123456982,publisher@example.com,,,Brightglass,,,
195,195,123456983,publisher@example.com,,,Lightsummer,,,
196,196,123456984,publisher@example.com,,,Meadowmill,,,
197,197,123456985,publisher@example.com,,,Brookacre,,,
198,198,123456986,publisher@example.com,,,Lochnesse,,,
199,199,123456987,publisher@example.com,,,Esterelf,,,
200,200,123456988,publisher@example.com,,,Lorhill,,,
201,201,123456989,publisher@example.com,,,Crystalmist,,,
202,202,123456990,publisher@example.com,,,Hollowmarsh,,,
203,203,123456991,publisher@example.com,,,Marshlyn,,,
204,204,4169031234,warehouse@example.com,,USA,Columbus,OH,43201,123 Book Street W1
205,205,4169031235,warehouse@example.com,,USA,Columbus,OH,43201,123 Book Street W2
206,206,4169031236,warehouse@example.com,,USA,Columbus,OH,43201,124 Book Street W3
207,207,4169031237,warehouse@example.com,,USA,Columbus,OH,43201,124 Book Street W4
208,208,4169031238,warehouse@example.com,,USA,Columbus,OH,43201,125 Book Street W5
209,209,4169031239,warehouse@example.com,,USA,Columbus,OH,43201,125 Book Street W6
210,210,4169031240,warehouse@example.com,,USA,Columbus,OH,43201,126 Book Street W7
211,211,4169031241,warehouse@example.com,,USA,Columbus,OH,43201,126 Book Street W8
212,212,4169031242,warehouse@example.com,,USA,Columbus,OH,43201,127 Book Street W9
213,213,4169031243,warehouse@example.com,,USA,Columbus,OH,43201,127 Book Street W10
214,214,4169031244,warehouse@example.com,,USA,Columbus,OH,43201,128 Book Street W11
215,215,4169031245,warehouse@example.com,,USA,Columbus,OH,43201,128 Book Street W12
216,216,4169031246,warehouse@example.com,,USA,Columbus,OH,43201,129 Book Street W13
217,217,4169031247,warehouse@example.com,,USA,Columbus,OH,43201,129 Book Street W14
218,218,4169031248,warehouse@example.com,,USA,Columbus,OH,43201,130 Book Street W15
219,219,4169031249,warehouse@example.com,,USA,Columbus,OH,43201,130 Book Street W16
220,220,4169031250,warehouse@example.com,,USA,Columbus,OH,43201,131 Book Street W17
221,221,4169031251,warehouse@example.com,,USA,Columbus,OH,43201,131 Book Street W18
222,222,4169031253,warehouse@example.com,,USA,Columbus,OH,43201,132 Book Street W19
223,223,4169031254,warehouse@example.com,,USA,Columbus,OH,43201,133 Book Street W20
224,224,4164561254,employee@example.com,,USA,Columbus,OH,43201,100 BookEmployee Street
225,225,4164561255,employee@example.com,,USA,Columbus,OH,43201,101 BookEmployee Street
226,226,4164561256,employee@example.com,,USA,Columbus,OH,43201,102 BookEmployee Street
227,227,4164561257,employee@example.com,,USA,Columbus,OH,43201,103 BookEmployee Street
228,228,4164561258,employee@example.com,,USA,Columbus,OH,43201,104 BookEmployee Street
229,229,4164561259,employee@example.com,,USA,Columbus,OH,43201,105 BookEmployee Street
230,230,4164561260,employee@example.com,,USA,Columbus,OH,43201,106 BookEmployee Street
231,231,4164561261,employee@example.com,,USA,Columbus,OH,43201,107 BookEmployee Street
232,232,4164561262,employee@example.com,,USA,Columbus,OH,43201,108 BookEmployee Street
233,233,4164561263,employee@example.com,,USA,Columbus,OH,43201,109 BookEmployee Street
234,234,4164561264,employee@example.com,,USA,Columbus,OH,43201,110 BookEmployee Street
235,235,4164561265,employee@example.com,,USA,Columbus,OH,43201,111 BookEmployee Street
236,236,4164561266,employee@example.com,,USA,Columbus,OH,43201,112 BookEmployee Street
237,237,4164561267,employee@example.com,,USA,Columbus,OH,43201,113 BookEmployee Street
238,238,4164561268,employee@example.com,,USA,Columbus,OH,43201,114 BookEmployee Street
239,239,4164561269,employee@example.com,,USA,Columbus,OH,43201,115 BookEmployee Street
240,240,4164561270,employee@example.com,,USA,Columbus,OH,43201,116 BookEmployee Street
241,241,4164561271,employee@example.com,,USA,Columbus,OH,43201,117 BookEmployee Street
242,242,4164561272,employee@example.com,,USA,Columbus,OH,43201,118 BookEmployee Street
243,243,4164561273,employee@example.com,,USA,Columbus,OH,43201,119 BookEmployee Street
